<?xml version="1.0" encoding="UTF-8"?>
<java version="1.7.0_51" class="java.beans.XMLDecoder">
 <object class="bmsapp.BmsProfile">
  <void property="customFlags">
   <void index="0">
    <void property="typeMatrix">
     <void index="0">
      <int>37</int>
     </void>
     <void index="1">
      <int>33</int>
     </void>
     <void index="2">
      <int>15</int>
     </void>
     <void index="3">
      <int>40</int>
     </void>
     <void index="4">
      <int>34</int>
     </void>
     <void index="5">
      <int>47</int>
     </void>
    </void>
   </void>
   <void index="1">
    <void property="typeMatrix">
     <void index="0">
      <int>9</int>
     </void>
    </void>
   </void>
  </void>
  <void property="customMessages">
   <void index="0">
    <void property="divMatrix">
     <void index="4">
      <int>10</int>
     </void>
    </void>
    <void property="flagMatrix">
     <void index="4">
      <int>132</int>
     </void>
     <void index="5">
      <int>68</int>
     </void>
     <void index="6">
      <int>64</int>
     </void>
    </void>
    <void property="frequency">
     <int>11</int>
    </void>
    <void property="id">
     <int>256</int>
    </void>
    <void property="length">
     <int>8</int>
    </void>
    <void property="messageFlags">
     <int>1</int>
    </void>
    <void property="offMatrix">
     <void index="4">
      <int>5</int>
     </void>
     <void index="6">
      <int>200</int>
     </void>
    </void>
    <void property="typeMatrix">
     <void index="4">
      <int>22</int>
     </void>
     <void index="6">
      <int>1</int>
     </void>
    </void>
   </void>
   <void index="1">
    <void property="flagMatrix">
     <void index="1">
      <int>64</int>
     </void>
     <void index="2">
      <int>64</int>
     </void>
     <void index="3">
      <int>64</int>
     </void>
    </void>
    <void property="frequency">
     <int>11</int>
    </void>
    <void property="id">
     <int>257</int>
    </void>
    <void property="length">
     <int>8</int>
    </void>
    <void property="messageFlags">
     <int>1</int>
    </void>
    <void property="offMatrix">
     <void index="1">
      <int>255</int>
     </void>
     <void index="2">
      <int>254</int>
     </void>
    </void>
    <void property="typeMatrix">
     <void index="1">
      <int>1</int>
     </void>
     <void index="2">
      <int>1</int>
     </void>
    </void>
   </void>
   <void index="2">
    <void property="divMatrix">
     <void index="1">
      <int>10</int>
     </void>
    </void>
    <void property="flagMatrix">
     <void index="0">
      <int>64</int>
     </void>
     <void index="1">
      <int>132</int>
     </void>
     <void index="2">
      <int>68</int>
     </void>
     <void index="3">
      <int>64</int>
     </void>
     <void index="4">
      <int>64</int>
     </void>
     <void index="5">
      <int>64</int>
     </void>
     <void index="6">
      <int>64</int>
     </void>
    </void>
    <void property="frequency">
     <int>11</int>
    </void>
    <void property="id">
     <int>258</int>
    </void>
    <void property="length">
     <int>8</int>
    </void>
    <void property="messageFlags">
     <int>1</int>
    </void>
    <void property="offMatrix">
     <void index="0">
      <int>1</int>
     </void>
     <void index="5">
      <int>1</int>
     </void>
    </void>
    <void property="typeMatrix">
     <void index="0">
      <int>1</int>
     </void>
     <void index="1">
      <int>22</int>
     </void>
     <void index="3">
      <int>10</int>
     </void>
     <void index="4">
      <int>3</int>
     </void>
     <void index="5">
      <int>3</int>
     </void>
     <void index="6">
      <int>15</int>
     </void>
    </void>
   </void>
  </void>
  <void property="intresEvalBasePercent">
   <int>1</int>
  </void>
  <void property="intresEvalCompPercent">
   <int>1</int>
  </void>
 </object>
</java>
