<?xml version="1.0" encoding="UTF-8"?> 
<java version="1.6.0_24" class="java.beans.XMLDecoder"> 
 <object class="bmsapp.DefaultProfile"> 
  <void id="BmsProfile$ProfileCustomFlagArray0" property="customFlags">
   <void id="BmsProfile$ProfileCustomFlag0" index="0">
    <void property="typeMatrix">
     <void index="0">
      <int>9</int>
     </void>
    </void>
   </void>
  </void>
  <void id="BmsProfile$ProfileCustomMessageArray0" property="customMessages">
   <void id="BmsProfile$ProfileCustomMessage1" index="1">
    <void property="flagMatrix">
     <void index="0">
      <int>64</int>
     </void>
     <void index="1">
      <int>64</int>
     </void>
    </void>
    <void property="frequency">
     <int>187</int>
    </void>
    <void property="id">
     <int>2048</int>
    </void>
    <void property="length">
     <int>2</int>
    </void>   
    <void property="offMatrix">
     <void index="0">
      <int>1</int>
     </void>
     <void index="1">
      <int>10</int>
     </void>
    </void>
    <void property="typeMatrix">
     <void index="0">
      <int>1</int>
     </void>
     <void index="1">
      <int>1</int>
     </void>
    </void>
   </void>
   <void id="BmsProfile$ProfileCustomMessage2" index="2">
    <void property="divMatrix">
     <void index="0">
      <int>1</int>
     </void>
     <void index="5">
      <int>10</int>
     </void>
    </void>
    <void property="flagMatrix">
     <void index="0">
      <int>132</int>
     </void>
     <void index="1">
      <int>68</int>
     </void>
     <void index="2">
      <int>64</int>
     </void>
     <void index="5">
      <int>128</int>
     </void>
     <void index="6">
      <int>64</int>
     </void>
    </void>
    <void property="frequency">
     <int>60</int>
    </void>
    <void property="id">
     <int>1034</int>
    </void>
    <void property="length">
     <int>7</int>
    </void>  
    <void property="multMatrix">
     <void index="0">
      <int>16</int>
     </void>
     <void index="5">
      <int>1024</int>
     </void>
    </void>
    <void property="offMatrix">
     <void index="2">
      <int>0</int>
     </void>
    </void>
    <void property="typeMatrix">
     <void index="0">
      <int>10</int>
     </void>
     <void index="2">
      <int>3</int>
     </void>
     <void index="5">
      <int>22</int>
     </void>
    </void>
   </void>
   <void id="BmsProfile$ProfileCustomMessage3" index="3">
    <void property="flagMatrix">
     <void index="0">
      <int>64</int>
     </void>
    </void>
    <void property="frequency">
     <int>62</int>
    </void>
    <void property="id">
     <int>1793</int>
    </void>
    <void property="length">
     <int>1</int>
    </void>    
    <void property="offMatrix">
     <void index="0">
      <int>5</int>
     </void>
    </void>
    <void property="typeMatrix">
     <void index="0">
      <int>1</int>
     </void>
    </void>
   </void>
  </void>
 </object> 
</java> 
