<DEVICES REVISION="1.0">
        <CATEGORY NAME="Chargers">
        	<DEVICE
                    NAME="Elcon / Bestgo / TC Charger"
		    ID="ELCON_CHARGER"
                    FILENAME="elcon.xml"
                    BAUDRATE="1"
                    ADD_MESSAGE="This will configure the Elcon / Bestgo / TC Charger compatibility.&lt;BR&gt;&lt;BR&gt;&lt;b&gt;NOTE:&lt;/b&gt; This device operates at 250 Kbps baud-rate by default.&lt;BR&gt;Please make sure to change the CANBUS baud-rate to 250 kbps&lt;BR&gt;for the CAN interface being used."
			  REMOVE_MESSAGE="This will remove support for the Elcon / Bestgo / TC Charger device."
                 	>
			<PACKV_MESG ID="1806E5F4" BYTE="0"/>
			<PACKV_MESG ID="1806E9F4" BYTE="0"/>
		</DEVICE>
        	<DEVICE
                    NAME="Eltek Valere / Valeo Charger"
		    ID="ELTEK_CHARGER"
                    FILENAME="eltek.xml"
                    BAUDRATE="2"
                    ADD_MESSAGE="This will configure the Eltek Valere Charger compatibility.&lt;BR&gt;&lt;BR&gt;&lt;b&gt;NOTE:&lt;/b&gt; The Charger Safety relay MUST be enabled.&lt;BR&gt;&lt;BR&gt;&lt;b&gt;NOTE:&lt;/b&gt; The maximum charge CCL and maximum pack voltage must not exceed Eltek ratings."
			  REMOVE_MESSAGE="This will remove support for the Eltek Valere device."
                 	>
			<PACKV_MESG ID="2FF" BYTE="3"/>
			<DEVICE_TYPE NAME="ELTEK 110/010/111 (50v - 122v)" MAXVOLTAGE="1220" MAXCURRENT="250" VOLTMESG="2FF" VOLTBYTE="3" AMPMESG="2FF" AMPBYTE="5"/>
		 </DEVICE>
		 <DEVICE 
		    NAME="Delta-Q Charger"
		    ID="DELTAQ_CHARGER"
                    FILENAME="deltaq.xml"
                    BAUDRATE="1"
                    ADD_MESSAGE="This will configure the Delta-Q Charger compatibility.&lt;BR&gt;&lt;BR&gt;&lt;b&gt;&lt;FONT color='red'&gt;NOTE:&lt;/FONT&gt;&lt;/b&gt; This device operates at 125 Kbps baud-rate by default.&lt;BR&gt;Please make sure to change the CANBUS baud-rate to 125 kbps&lt;BR&gt;for the CAN interface being used.&lt;BR&gt;&lt;BR&gt;&lt;b&gt;&lt;FONT color='red'&gt;NOTE:&lt;/b&gt; The Charger Safety relay &lt;B&gt;MUST&lt;/B&gt; be enabled even if not used.&lt;/FONT&gt;"                    
			  REMOVE_MESSAGE="This will remove support for the Delta-Q device."
                 	>
			<PACKV_MESG ID="40A" BYTE="5"/>
		</DEVICE>
        	<DEVICE
                    NAME="Thunderstruck TSM2500 Charger"
		    ID="TSM2500_CHARGER"
                    FILENAME="tsm2500.xml"
                    BAUDRATE="1"
                    ADD_MESSAGE="This will configure the Thunderstruck TSM2500 Charger compatibility."
			  REMOVE_MESSAGE="This will remove support for the Thunderstruck TSM2500 device."
                 	>
			<PACKV_MESG ID="18E54024" BYTE="1"/>
		</DEVICE>
        	<DEVICE
                    NAME="CHAdeMO Charging Protocol"
		    ID="CHADEMO_CHARGER"
                    FILENAME="chademo.xml"
                    BAUDRATE="2"
                    ADD_MESSAGE="This will configure the CHAdeMO Charging Protocol compatibility.&lt;BR&gt;&lt;BR&gt;&lt;b&gt;NOTE:&lt;/b&gt; The Charger Safety relay MUST be enabled.&lt;BR&gt;&lt;BR&gt;&lt;b&gt;NOTE:&lt;/b&gt; The max charge CCL and max pack voltage must not exceed CHAdeMO Standard."
			  REMOVE_MESSAGE="This will remove support for the CHAdeMO Charging Protocol."
                 	>
			<PACKV_MESG ID="102" DIV="10" BYTE="1"/>
			<PACKV_MESG ID="100" DIV="10" BYTE="4"/>
		</DEVICE>
        </CATEGORY>
        <CATEGORY NAME="Displays">
        	<DEVICE
                    NAME="Andromeda EVIC Display"
		    ID="ANDROMEDA_EVIC"
                    FILENAME="evic.xml"
                    BAUDRATE="1"
                    ADD_MESSAGE="This will configure the Andromeda EVIC Display compatibility.&lt;BR&gt;&lt;BR&gt;&lt;b&gt;NOTE:&lt;/b&gt; This device operates at 250 Kbps baud-rate by default.&lt;BR&gt;Please make sure to change the CANBUS baud-rate to 250 kbps&lt;BR&gt;for the CAN interface being used."
			  REMOVE_MESSAGE="This will remove support for the Andromeda EVIC Display device."
                 />
        </CATEGORY>
	<CATEGORY NAME="Motor Controllers">
        	<DEVICE
                    NAME="HPEV Curtis 1238/1239 (CAN)"
		    ID="HPEV_CURTIS_CONTROLER"
                    FILENAME="hpev_curtis_1238.xml"

                    ADD_MESSAGE="This will configure the HPEV Curtis 1238/1239 controller compatibility.&lt;BR&gt;&lt;BR&gt;&lt;b&gt;NOTE:&lt;/b&gt; This device operates at 250 Kbps baud-rate by default.&lt;BR&gt;Please make sure to change the CANBUS baud-rate to 250 kbps&lt;BR&gt;for the CAN interface being used."
			  REMOVE_MESSAGE="This will remove support for the HPEV Curtis 1238/1239 controller device."
                 />
	</CATEGORY>
        <CATEGORY NAME="AC Inverters">
        	<DEVICE
                    NAME="Victron Inverter"
		    ID="VICTRON_INVERTER"
                    FILENAME="victron.xml"
                    BAUDRATE="1"
                    ADD_MESSAGE="This will configure the Victron Inverter CANBUS compatibility via Color / Venus GX Display.&lt;BR&gt;&lt;BR&gt;&lt;b&gt;&lt;FONT color='red'&gt;NOTE:&lt;/FONT&gt;&lt;/b&gt; This device operates at 500 Kbps baud-rate by default.&lt;BR&gt;Please make sure to change the CANBUS baud-rate to 500 kbps&lt;BR&gt;for the CAN interface being used."
			  REMOVE_MESSAGE="This will remove support for the Victron AC Inverter device."
                 />
        </CATEGORY>        
</DEVICES>