<?xml version="1.0" encoding="UTF-8"?> 
<java version="1.6.0_24" class="java.beans.XMLDecoder"> 
 <object class="bmsapp.DefaultProfile"> 
  <void property="customFlags"> 
   <void index="3"> 
    <void property="typeMatrix"> 
     <void index="7"> 
      <int>47</int> 
     </void> 
    </void> 
   </void> 
  </void> 
  <void property="customMessages"> 
   <void index="0"> 
    <void property="flagMatrix"> 
     <void index="0"> 
      <int>128</int> 
     </void> 
     <void index="1"> 
      <int>64</int> 
     </void> 
     <void index="2"> 
      <int>128</int> 
     </void> 
     <void index="3"> 
      <int>64</int> 
     </void> 
     <void index="4"> 
      <int>64</int> 
     </void> 
    </void> 
    <void property="frequency"> 
     <int>100</int> 
    </void> 
    <void property="id"> 
     <int>403106292</int> 
    </void> 
    <void property="length"> 
     <int>8</int> 
    </void> 
    <void property="messageFlags"> 
     <int>1</int> 
    </void> 
    <void property="multMatrix"> 
     <void index="2"> 
      <int>10</int> 
     </void> 
    </void> 
    <void property="offMatrix"> 
     <void index="4"> 
      <int>3</int> 
     </void> 
    </void> 
    <void property="typeMatrix"> 
     <void index="0"> 
      <int>22</int> 
     </void> 
     <void index="2"> 
      <int>10</int> 
     </void> 
     <void index="4"> 
      <int>3</int> 
     </void> 
    </void> 
   </void> 
   <void index="1"> 
    <void property="flagMatrix"> 
     <void index="0"> 
      <int>128</int> 
     </void> 
     <void index="2"> 
      <int>128</int> 
     </void> 
     <void index="3"> 
      <int>64</int> 
     </void> 
     <void index="4"> 
      <int>64</int> 
     </void> 
     <void index="5"> 
      <int>64</int> 
     </void> 
    </void> 
    <void property="frequency"> 
     <int>100</int> 
    </void> 
    <void property="id"> 
     <int>403105268</int> 
    </void> 
    <void property="length"> 
     <int>8</int> 
    </void> 
    <void property="messageFlags"> 
     <int>1</int> 
    </void> 
    <void property="multMatrix"> 
     <void index="2"> 
      <int>10</int> 
     </void> 
     <void index="5"> 
      <int>10</int> 
     </void> 
    </void> 
    <void property="offMatrix"> 
     <void index="4"> 
      <int>3</int> 
     </void> 
    </void> 
    <void property="typeMatrix"> 
     <void index="0"> 
      <int>22</int> 
     </void> 
     <void index="2"> 
      <int>10</int> 
     </void> 
     <void index="3"> 
      <int>1</int> 
     </void> 
     <void index="4"> 
      <int>3</int> 
     </void> 
    </void> 
   </void> 
  </void> 
 </object> 
</java> 
