<?xml version="1.0" encoding="UTF-8"?> 
<java version="1.6.0_24" class="java.beans.XMLDecoder"> 
 <object class="bmsapp.DefaultProfile"> 
  <void property="customFlags"> 
   <void index="3"> 
    <void property="typeMatrix"> 
     <void index="0"> 
      <int>9</int> 
     </void> 
    </void> 
   </void> 
  </void> 
  <void property="customMessages"> 
   <void index="0"> 
    <void property="flagMatrix"> 
     <void index="0"> 
      <int>64</int> 
     </void> 
     <void index="1"> 
      <int>132</int> 
     </void> 
     <void index="2"> 
      <int>68</int> 
     </void> 
     <void index="3"> 
      <int>132</int> 
     </void> 
     <void index="4"> 
      <int>68</int> 
     </void> 
     <void index="5"> 
      <int>132</int> 
     </void> 
     <void index="6"> 
      <int>68</int> 
     </void> 
    </void> 
    <void property="frequency"> 
     <int>12</int> 
    </void> 
    <void property="id"> 
     <int>767</int> 
    </void> 
    <void property="length"> 
     <int>7</int> 
    </void> 
    <void property="messageFlags"> 
     <int>0</int> 
    </void> 
    <void property="multMatrix"> 
     <void index="3"> 
      <int>10</int> 
     </void> 
     <void index="5"> 
      <int>10</int> 
     </void> 
    </void> 
    <void property="offMatrix"> 
     <void index="0"> 
      <int>3</int> 
     </void> 
     <void index="1"> 
      <int>1000</int> 
     </void> 
    </void> 
    <void property="typeMatrix"> 
     <void index="0"> 
      <int>3</int> 
     </void> 
     <void index="1"> 
      <int>1</int> 
     </void> 
     <void index="3"> 
      <int>22</int> 
     </void> 
     <void index="5"> 
      <int>10</int> 
     </void> 
    </void> 
   </void> 
  </void> 
 </object> 
</java> 
