<?xml version="1.0" encoding="UTF-8"?>
<java version="1.7.0_51" class="java.beans.XMLDecoder">
 <object class="bmsapp.BmsProfile">
  <void property="customMessages">
   <void index="0">
    <void property="divMatrix">
     <void index="0">
      <int>10</int>
     </void>
     <void index="4">
      <int>10</int>
     </void>
    </void>
    <void property="flagMatrix">
     <void index="0">
      <int>132</int>
     </void>
     <void index="1">
      <int>68</int>
     </void>
     <void index="2">
      <int>132</int>
     </void>
     <void index="3">
      <int>68</int>
     </void>
     <void index="4">
      <int>132</int>
     </void>
     <void index="5">
      <int>68</int>
     </void>
     <void index="6">
      <int>64</int>
     </void>
     <void index="7">
      <int>64</int>
     </void>
    </void>
    <void property="frequency">
     <int>12</int>
    </void>
    <void property="id">
     <int>336</int>
    </void>
    <void property="length">
     <int>8</int>
    </void>
    <void property="messageFlags">
     <int>0</int>
    </void>
    <void property="typeMatrix">
     <void index="0">
      <int>12</int>
     </void>
     <void index="2">
      <int>13</int>
     </void>
     <void index="4">
      <int>16</int>
     </void>
     <void index="6">
      <int>40</int>
     </void>
     <void index="7">
      <int>41</int>
     </void>
    </void>
   </void>
   <void index="1">
    <void property="divMatrix">
     <void index="4">
      <int>10</int>
     </void>
    </void>
    <void property="flagMatrix">
     <void index="0">
      <int>64</int>
     </void>
     <void index="1">
      <int>132</int>
     </void>
     <void index="2">
      <int>68</int>
     </void>
     <void index="3">
      <int>64</int>
     </void>
     <void index="4">
      <int>132</int>
     </void>
     <void index="5">
      <int>68</int>
     </void>
     <void index="6">
      <int>132</int>
     </void>
     <void index="7">
      <int>68</int>
     </void>
    </void>
    <void property="frequency">
     <int>12</int>
    </void>
    <void property="id">
     <int>1616</int>
    </void>
    <void property="length">
     <int>8</int>
    </void>
    <void property="messageFlags">
     <int>0</int>
    </void>
    <void property="typeMatrix">
     <void index="0">
      <int>15</int>
     </void>
     <void index="1">
      <int>17</int>
     </void>
     <void index="3">
      <int>19</int>
     </void>
     <void index="4">
      <int>14</int>
     </void>
     <void index="6">
      <int>24</int>
     </void>
    </void>
   </void>
   <void index="2">
    <void property="divMatrix">
     <void index="0">
      <int>10</int>
     </void>
     <void index="2">
      <int>10</int>
     </void>
     <void index="4">
      <int>10000</int>
     </void>
    </void>
    <void property="flagMatrix">
     <void index="0">
      <int>132</int>
     </void>
     <void index="1">
      <int>68</int>
     </void>
     <void index="2">
      <int>132</int>
     </void>
     <void index="3">
      <int>68</int>
     </void>
     <void index="4">
      <int>128</int>
     </void>
     <void index="5">
      <int>64</int>
     </void>
     <void index="6">
      <int>64</int>
     </void>
     <void index="7">
      <int>64</int>
     </void>
    </void>
    <void property="frequency">
     <int>12</int>
    </void>
    <void property="id">
     <int>1617</int>
    </void>
    <void property="length">
     <int>8</int>
    </void>
    <void property="messageFlags">
     <int>0</int>
    </void>
    <void property="typeMatrix">
     <void index="0">
      <int>50</int>
     </void>
     <void index="2">
      <int>51</int>
     </void>
     <void index="4">
      <int>52</int>
     </void>
     <void index="6">
      <int>6</int>
     </void>
     <void index="7">
      <int>7</int>
     </void>
    </void>
   </void>
   <void index="3">
    <void property="divMatrix">
     <void index="4">
      <int>10</int>
     </void>
     <void index="6">
      <int>10</int>
     </void>
    </void>
    <void property="flagMatrix">
     <void index="0">
      <int>132</int>
     </void>
     <void index="1">
      <int>68</int>
     </void>
     <void index="2">
      <int>132</int>
     </void>
     <void index="3">
      <int>68</int>
     </void>
     <void index="4">
      <int>132</int>
     </void>
     <void index="5">
      <int>68</int>
     </void>
     <void index="6">
      <int>132</int>
     </void>
     <void index="7">
      <int>68</int>
     </void>
    </void>
    <void property="frequency">
     <int>12</int>
    </void>
    <void property="id">
     <int>1618</int>
    </void>
    <void property="length">
     <int>8</int>
    </void>
    <void property="messageFlags">
     <int>0</int>
    </void>
    <void property="typeMatrix">
     <void index="0">
      <int>10</int>
     </void>
     <void index="2">
      <int>11</int>
     </void>
     <void index="4">
      <int>59</int>
     </void>
     <void index="6">
      <int>60</int>
     </void>
    </void>
   </void>
   <void index="4">
    <void property="flagMatrix">
     <void index="0">
      <int>64</int>
     </void>
     <void index="1">
      <int>132</int>
     </void>
     <void index="2">
      <int>68</int>
     </void>
     <void index="3">
      <int>64</int>
     </void>
     <void index="6">
      <int>64</int>
     </void>
    </void>
    <void property="frequency">
     <int>12</int>
    </void>
    <void property="id">
     <int>1619</int>
    </void>
    <void property="length">
     <int>8</int>
    </void>
    <void property="messageFlags">
     <int>0</int>
    </void>
    <void property="typeMatrix">
     <void index="0">
      <int>4</int>
     </void>
     <void index="1">
      <int>70</int>
     </void>
     <void index="3">
      <int>1</int>
     </void>
    </void>
   </void>
  </void>
  <void property="intresEvalBasePercent">
   <int>1</int>
  </void>
  <void property="intresEvalCompPercent">
   <int>1</int>
  </void>
 </object>
</java>
