<?xml version="1.0" encoding="UTF-8"?> 
<java version="1.6.0_24" class="java.beans.XMLDecoder"> 
 <object class="bmsapp.BmsProfile"> 
  <void property="customFlags"> 
   <void index="0"> 
    <void property="typeMatrix"> 
     <void index="0"> 
      <int>0</int> 
     </void> 
     <void index="1"> 
      <int>30</int> 
     </void> 
     <void index="2"> 
      <int>33</int> 
     </void> 
     <void index="3"> 
      <int>35</int> 
     </void> 
     <void index="4"> 
      <int>48</int> 
     </void> 
     <void index="5"> 
      <int>50</int> 
     </void> 
     <void index="6"> 
      <int>43</int> 
     </void> 
     <void index="7"> 
      <int>4</int> 
     </void> 
    </void> 
   </void> 
  </void> 
  <void property="customMessages"> 
   <void index="4"> 
    <void property="divMatrix"> 
     <void index="0"> 
      <int>2</int> 
     </void> 
    </void> 
    <void property="flagMatrix"> 
     <void index="0"> 
      <int>64</int> 
     </void> 
     <void index="1"> 
      <int>64</int> 
     </void> 
     <void index="2"> 
      <int>64</int> 
     </void> 
     <void index="3"> 
      <int>130</int> 
     </void> 
     <void index="4"> 
      <int>66</int> 
     </void> 
     <void index="5"> 
      <int>64</int> 
     </void>
     <void index="6">
      <int>64</int>
     </void>
     <void index="7">
      <int>64</int>
     </void>
    </void> 
    <void property="frequency"> 
     <int>12</int> 
    </void> 
    <void property="id"> 
     <int>769</int> 
    </void> 
    <void property="length"> 
     <int>8</int> 
    </void> 
    <void property="messageFlags"> 
     <int>0</int> 
    </void> 
    <void property="typeMatrix"> 
     <void index="0"> 
      <int>15</int> 
     </void> 
     <void index="1"> 
      <int>40</int> 
     </void> 
     <void index="2"> 
      <int>41</int> 
     </void> 
     <void index="3"> 
      <int>13</int> 
     </void> 
     <void index="5"> 
      <int>3</int> 
     </void> 
     <void index="6">
      <int>61</int>
     </void>
     <void index="7">
      <int>62</int>
     </void>
    </void> 
   </void> 
   <void index="3"> 
    <void property="divMatrix"> 
     <void index="0"> 
      <int>10</int> 
     </void> 
     <void index="2"> 
      <int>10</int> 
     </void> 
    </void> 
    <void property="flagMatrix"> 
     <void index="0"> 
      <int>128</int> 
     </void> 
     <void index="1"> 
      <int>64</int> 
     </void> 
     <void index="2"> 
      <int>128</int> 
     </void> 
     <void index="3"> 
      <int>64</int> 
     </void> 
     <void index="4"> 
      <int>128</int> 
     </void> 
     <void index="5"> 
      <int>64</int> 
     </void> 
     <void index="6"> 
      <int>128</int> 
     </void> 
     <void index="7"> 
      <int>64</int> 
     </void> 
    </void> 
    <void property="frequency"> 
     <int>12</int> 
    </void> 
    <void property="id"> 
     <int>768</int> 
    </void> 
    <void property="length"> 
     <int>8</int> 
    </void> 
    <void property="messageFlags"> 
     <int>0</int> 
    </void> 
    <void property="typeMatrix"> 
     <void index="0"> 
      <int>50</int> 
     </void> 
     <void index="2"> 
      <int>51</int> 
     </void> 
     <void index="4"> 
      <int>12</int> 
     </void> 
     <void index="6"> 
      <int>16</int> 
     </void> 
    </void> 
   </void> 
  </void> 
  <void property="intresEvalBasePercent"> 
   <int>1</int> 
  </void> 
  <void property="intresEvalCompPercent"> 
   <int>1</int> 
  </void> 
 </object> 
</java> 
