<?xml version="1.0" encoding="UTF-8"?> 
<java version="1.6.0_24" class="java.beans.XMLDecoder"> 
 <object class="bmsapp.DefaultProfile"> 
  <void id="BmsProfile$ProfileCustomMessageArray0" property="customMessages">
   <void id="BmsProfile$ProfileCustomMessage0" index="0">
    <void property="flagMatrix">
     <void index="0">
      <int>132</int>
     </void>
     <void index="1">
      <int>68</int>
     </void>
     <void index="2">
      <int>132</int>
     </void>
     <void index="3">
      <int>68</int>
     </void>
     <void index="4">
      <int>132</int>
     </void>
     <void index="5">
      <int>68</int>
     </void>
     <void index="6">
      <int>132</int>
     </void>
     <void index="7">
      <int>68</int>
     </void>
    </void>
    <void property="frequency">
     <int>12</int>
    </void>
    <void property="id">
     <int>849</int>
    </void>
    <void property="length">
     <int>8</int>
    </void>
    <void property="messageFlags">
     <int>64</int>
    </void>    
    <void property="multMatrix">
     <void index="2">
      <int>10</int>
     </void>
     <void index="4">
      <int>10</int>
     </void>
    </void>
    <void property="typeMatrix">
     <void index="0">
      <int>22</int>
     </void>
     <void index="2">
      <int>10</int>
     </void>
     <void index="4">
      <int>11</int>
     </void>
     <void index="6">
      <int>23</int>
     </void>
    </void>
   </void>
   <void id="BmsProfile$ProfileCustomMessage1" index="1">
    <void property="divMatrix">
     <void index="0">
      <int>2</int>
     </void>
     <void index="6">
      <int>20</int>
     </void>
    </void>
    <void property="flagMatrix">
     <void index="0">
      <int>132</int>
     </void>
     <void index="1">
      <int>68</int>
     </void>
     <void index="2">
      <int>132</int>
     </void>
     <void index="3">
      <int>68</int>
     </void>
     <void index="4">
      <int>132</int>
     </void>
     <void index="5">
      <int>68</int>
     </void>
     <void index="6">
      <int>64</int>
     </void>
    </void>
    <void property="frequency">
     <int>12</int>
    </void>
    <void property="id">
     <int>853</int>
    </void>
    <void property="length">
     <int>6</int>
    </void>
    <void property="messageFlags">
     <int>64</int>
    </void>    
    <void property="multMatrix">
     <void index="4">
      <int>5</int>
     </void>
    </void>
    <void property="offMatrix">
     <void index="7">
      <int>1722</int>
     </void>
    </void>
    <void property="typeMatrix">
     <void index="0">
      <int>15</int>
     </void>
     <void index="2">
      <int>19</int>
     </void>
     <void index="4">
      <int>15</int>
     </void>
     <void index="6">
      <int>16</int>
     </void>
     <void index="7">
      <int>2</int>
     </void>
    </void>
   </void>
   <void id="BmsProfile$ProfileCustomMessage2" index="2">
    <void property="flagMatrix">
     <void index="0">
      <int>132</int>
     </void>
     <void index="1">
      <int>68</int>
     </void>
     <void index="2">
      <int>132</int>
     </void>
     <void index="3">
      <int>68</int>
     </void>
     <void index="4">
      <int>132</int>
     </void>
     <void index="5">
      <int>68</int>
     </void>
    </void>
    <void property="frequency">
     <int>12</int>
    </void>
    <void property="id">
     <int>858</int>
    </void>
    <void property="length">
     <int>8</int>
    </void>
    <void property="messageFlags">
     <int>64</int>
    </void>    
   </void>
   <void id="BmsProfile$ProfileCustomMessage3" index="3">
    <void property="flagMatrix">
     <void index="0">
      <int>132</int>
     </void>
     <void index="1">
      <int>68</int>
     </void>
     <void index="2">
      <int>133</int>
     </void>
     <void index="3">
      <int>69</int>
     </void>
     <void index="4">
      <int>132</int>
     </void>
     <void index="5">
      <int>68</int>
     </void>
    </void>
    <void property="frequency">
     <int>12</int>
    </void>
    <void property="id">
     <int>854</int>
    </void>
    <void property="length">
     <int>6</int>
    </void>
    <void property="messageFlags">
     <int>64</int>
    </void>
    <void property="multMatrix">
     <void index="2">
      <int>65535</int>
     </void>
     <void index="4">
      <int>10</int>
     </void>
    </void>
    <void property="typeMatrix">
     <void index="0">
      <int>20</int>
     </void>
     <void index="2">
      <int>39</int>
     </void>
     <void index="4">
      <int>40</int>
     </void>
    </void>
   </void>
   <void id="BmsProfile$ProfileCustomMessage4" index="4">
    <void property="flagMatrix">
     <void index="0">
      <int>128</int>
     </void>
     <void index="1">
      <int>64</int>
     </void>
     <void index="2">
      <int>128</int>
     </void>
     <void index="3">
      <int>64</int>
     </void>
     <void index="4">
      <int>64</int>
     </void>
    </void>
    <void property="length">
     <int>5</int>
    </void>
    <void property="messageFlags">
     <int>64</int>
    </void>    
    <void property="offMatrix">
     <void index="4">
      <int>64</int>
     </void>
    </void>
    <void property="typeMatrix">
     <void index="0">
      <int>13</int>
     </void>
     <void index="2">
      <int>12</int>
     </void>
     <void index="4">
      <int>2</int>
     </void>
    </void>
   </void>
  </void>
 </object> 
</java> 
