<?xml version="1.0" encoding="UTF-8"?>
<java version="1.7.0_51" class="java.beans.XMLDecoder">
 <object class="bmsapp.BmsProfile">
  <void property="customFlags">
   <void index="0">
    <void property="typeMatrix">
     <void index="0">
      <int>23</int>
     </void>
     <void index="2">
      <int>1</int>
     </void>
     <void index="3">
      <int>1</int>
     </void>
     <void index="4">
      <int>1</int>
     </void>
     <void index="5">
      <int>1</int>
     </void>
     <void index="6">
      <int>1</int>
     </void>
     <void index="7">
      <int>1</int>
     </void>
    </void>
   </void>
  </void>
  <void property="customMessages">
   <void index="0">
    <void property="divMatrix">
     <void index="3">
      <int>-1</int>
     </void>
     <void index="5">
      <int>35</int>
     </void>
    </void>
    <void property="flagMatrix">
     <void index="0">
      <int>64</int>
     </void>
     <void index="1">
      <int>132</int>
     </void>
     <void index="2">
      <int>68</int>
     </void>
     <void index="3">
      <int>133</int>
     </void>
     <void index="4">
      <int>69</int>
     </void>
     <void index="5">
      <int>64</int>
     </void>
     <void index="6">
      <int>64</int>
     </void>
     <void index="7">
      <int>64</int>
     </void>
    </void>
    <void property="frequency">
     <int>61</int>
    </void>
    <void property="id">
     <int>417677348</int>
    </void>
    <void property="length">
     <int>8</int>
    </void>
    <void property="maxMatrix">
     <void index="5">
      <int>5</int>
     </void>
    </void>
    <void property="messageFlags">
     <int>1</int>
    </void>
    <void property="multMatrix">
     <void index="3">
      <int>10</int>
     </void>
    </void>
    <void property="offMatrix">
     <void index="3">
      <int>3200</int>
     </void>
     <void index="6">
      <int>255</int>
     </void>
     <void index="7">
      <int>255</int>
     </void>
    </void>
    <void property="typeMatrix">
     <void index="0">
      <int>3</int>
     </void>
     <void index="1">
      <int>22</int>
     </void>
     <void index="3">
      <int>10</int>
     </void>
     <void index="5">
      <int>15</int>
     </void>
     <void index="6">
      <int>1</int>
     </void>
     <void index="7">
      <int>1</int>
     </void>
    </void>
   </void>
  </void>
  <void property="intresEvalBasePercent">
   <int>1</int>
  </void>
  <void property="intresEvalCompPercent">
   <int>1</int>
  </void>
  <void property="mpoHighTemperature">
   <int>85</int>
  </void>
  <void property="mpoLowTemperature">
   <int>-40</int>
  </void>
 </object>
</java>
